<?xml version="1.0" encoding="UTF-8"?>
<modification>
    <name>BOX NOW Delivery</name>
    <version>1.0.0</version>
    <code>boxnow_delivery_service</code>
    <author>BOX NOW Bulgaria</author>
    <link>https://boxnow.bg/</link>
    <file path="admin/controller/common/column_left.php">
        <operation>
            <search><![CDATA[$report = array();]]></search>
            <add position="before" offset="1"><![CDATA[
			// BOXNOW
			$data['menus'][] = array(
				'id'       => 'menu-boxnow',
				'icon'	   => 'fa-archive',
				'name'	   => 'BOX NOW Delivery',
				'href'     => $this->url->link('extension/shipping/boxnow/report', 'user_token=' . $this->session->data['user_token'], true),
				'children' => array()
			);
        ]]></add>
        </operation>
    </file>
	
    <file path="catalog/controller/checkout/confirm.php">
        <operation>
            <search><![CDATA[$this->session->data['order_id'] = $this->model_checkout_order->addOrder($order_data);]]></search>
            <add position="after" offset="1"><![CDATA[
					//BoxNow
					$this->load->model('extension/shipping/boxnow');
					$order_info = $this->model_checkout_order->getOrder($this->session->data['order_id']);
					$boxnow_data = array();
					if( isset($this->session->data['boxnow_locker_id']) && $order_info['shipping_code'] == 'boxnow.boxnow' ) {
						$boxnow_data['locker_id'] = $this->session->data['boxnow_locker_id'];
					};
					if($order_info['shipping_code']) {
						$response_delivery = $this->model_extension_shipping_boxnow->setRequest($order_info, $boxnow_data );
						unset($this->session->data['boxnow_locker_id']);
						unset($this->session->data['boxnow_address']);
						unset($this->session->data['boxnow_name']);			
					}					
					//BoxNow
        ]]></add>
        </operation>
    </file>

    <file path="catalog/controller/extension/quickcheckout/confirm.php">
        <operation>
            <search><![CDATA[$this->session->data['order_id'] = $this->model_checkout_order->addOrder($order_data);]]></search>
            <add position="after" offset="1"><![CDATA[
					//BoxNow
					$this->load->model('extension/shipping/boxnow');
					$order_info = $this->model_checkout_order->getOrder($this->session->data['order_id']);
					$boxnow_data = array();
					if( isset($this->session->data['boxnow_locker_id']) && $order_info['shipping_code'] == 'boxnow.boxnow' ) {
						$boxnow_data['locker_id'] = $this->session->data['boxnow_locker_id'];
					};	
					if($order_info['shipping_code']) {
						$response_delivery = $this->model_extension_shipping_boxnow->setRequest($order_info, $boxnow_data );
						unset($this->session->data['boxnow_locker_id']);
						unset($this->session->data['boxnow_address']);
						unset($this->session->data['boxnow_name']);			
					}						
					//BoxNow
        ]]></add>
        </operation>
    </file>
	
	<file path="catalog/model/journal3/order.php">
        <operation>
            <search><![CDATA[$this->editOrder($order_id, $order_data);]]></search>
            <add position="after"><![CDATA[
			//Boxnow START
			$this->load->model('extension/shipping/boxnow');
			$boxnow_data = array();
			if (isset($this->session->data['boxnow_locker_id']) && $order_data['shipping_code'] == 'boxnow.boxnow') {
				$boxnow_data['locker_id'] = $this->session->data['boxnow_locker_id'];
			}	
			if($order_data['shipping_code']) {
				$response_delivery = $this->model_extension_shipping_boxnow->setRequest(['order_id' => $order_id], $boxnow_data);
				//unset($this->session->data['boxnow_locker_id']);
				//unset($this->session->data['boxnow_address']);
				//unset($this->session->data['boxnow_name']);			
			}
			//Boxnow END
        ]]></add>
        </operation>
    </file>
	
	<file path="catalog/controller/checkout/success.php">
        <operation>
            <search><![CDATA[$this->cart->clear();]]></search>
            <add position="after"><![CDATA[
			//Boxnow START
			unset($this->session->data['boxnow_locker_id']);
			unset($this->session->data['boxnow_address']);
			unset($this->session->data['boxnow_name']);	
			//Boxnow END
        ]]></add>
        </operation>
    </file>
	
    <file path="catalog/controller/checkout/payment_method.php">
        <operation>
            <search><![CDATA[if ($this->config->get('payment_' . $result['code'] . '_status')) {]]></search>
            <add position="after" offset="1"><![CDATA[
					//BoxNow
					if( 
						isset($this->session->data['shipping_method']) 
						&&
						$this->session->data['shipping_method']['code']	== 'boxnow.boxnow'						
						&&
						!in_array($result['code'], $this->config->get('shipping_boxnow_payment_modules'))
					) {
						continue;
					};
					//BoxNow
        ]]></add>
        </operation>
    </file>
    <file path="catalog/controller/extension/quickcheckout/payment_method.php">
        <operation>
            <search><![CDATA[if ($this->config->get('payment_' . $result['code'] . '_status')) {]]></search>
            <add position="after" offset="1"><![CDATA[
					//BoxNow
					if( 
						isset($this->session->data['shipping_method']) 
						&&
						$this->session->data['shipping_method']['code']	== 'boxnow.boxnow'						
						&&
						!in_array($result['code'], $this->config->get('shipping_boxnow_payment_modules'))
					) {
						continue;
					};
					//BoxNow
        ]]></add>
        </operation>
    </file>
	
    <file path="catalog/controller/checkout/shipping_method.php">
        <operation>
            <search><![CDATA[if (!isset($this->request->post['shipping_method'])) {]]></search>
            <add position="before" offset="1"><![CDATA[
		//BOXNOW
		$this->load->language('extension/shipping/boxnow');
		if (isset($this->request->post['shipping_method']) && $this->request->post['shipping_method'] == 'boxnow.boxnow') {
			if (!isset($this->session->data['boxnow_locker_id']) || !$this->session->data['boxnow_locker_id']) {
				$json['error']['warning'] = $this->language->get('error_boxnow');
			}
		}
        ]]></add>
        </operation>
        <operation>
           <search trim="true|false"><![CDATA[$this->load->language('checkout/checkout');]]></search>
            <add position="after" offset="1"><![CDATA[
		//BOXNOW
		$this->load->language('extension/shipping/boxnow');
		
		$data['boxnow_address'] = '';
		$data['boxnow_name'] = '';
		$data['selected_boxnow'] 	= $this->language->get('selected_boxnow');
		
		if( 
		isset($this->session->data['boxnow_address'])
		&& 
		$this->session->data['boxnow_address']
		&&		
		isset($this->session->data['boxnow_name'])
		&& 
		$this->session->data['boxnow_name']			
		) {
		echo $data['boxnow_address'];
			$data['boxnow_address'] = $this->session->data['boxnow_address'];
			$data['boxnow_name'] 	= $this->session->data['boxnow_name'];
		};
		
		$data['partner_id'] = $this->config->get('shipping_boxnow_partner_id');
		$data['shipping_address'] = isset($this->session->data['shipping_address']) ? $this->session->data['shipping_address'] : null;
		//BOXNOW
        ]]></add>
        </operation>
    </file>	
	
    <file path="catalog/controller/extension/quickcheckout/shipping_method.php">
        <operation>
            <search><![CDATA[if (!isset($this->request->post['shipping_method'])) {]]></search>
            <add position="before" offset="1"><![CDATA[
		//BOXNOW
		$this->load->language('extension/shipping/boxnow');
		if (isset($this->request->post['shipping_method']) && $this->request->post['shipping_method'] == 'boxnow.boxnow') {
			if (!isset($this->session->data['boxnow_locker_id']) || !$this->session->data['boxnow_locker_id']) {
				$json['error']['warning'] = $this->language->get('error_boxnow');
			}
		}
        ]]></add>
        </operation>
        <operation>
            <search trim="true|false"><![CDATA[$this->load->language('checkout/checkout');]]></search>
            <add position="after"><![CDATA[
		//BOXNOW
		$this->load->language('extension/shipping/boxnow');
		
		$data['boxnow_address'] = '';
		$data['boxnow_name'] = '';
		$data['selected_boxnow'] 	= $this->language->get('selected_boxnow');
		
		if( 
		isset($this->session->data['boxnow_address'])
		&& 
		$this->session->data['boxnow_address']
		&&		
		isset($this->session->data['boxnow_name'])
		&& 
		$this->session->data['boxnow_name']			
		) {
		echo $data['boxnow_address'];
			$data['boxnow_address'] = $this->session->data['boxnow_address'];
			$data['boxnow_name'] 	= $this->session->data['boxnow_name'];
		};
		
		$data['partner_id'] = $this->config->get('shipping_boxnow_partner_id');
		$data['shipping_address'] = isset($this->session->data['shipping_address']) ? $this->session->data['shipping_address'] : null;
		//BOXNOW
        ]]></add>
        </operation>
    </file>	
	
	<file path="catalog/controller/journal3/checkout.php">
        <operation>
            <search><![CDATA[public function index() {]]></search>
            <add position="after"><![CDATA[
		//Boxnow START
		$this->load->language('extension/shipping/boxnow');
		
		$data['boxnow_address'] = '';
		$data['boxnow_name'] = '';
		$data['selected_boxnow'] = $this->language->get('selected_boxnow');
		
		if(isset($this->session->data['boxnow_address']) && $this->session->data['boxnow_address'] && isset($this->session->data['boxnow_name']) && $this->session->data['boxnow_name']) {
			$data['boxnow_address'] = $this->session->data['boxnow_address'];
			$data['boxnow_name'] = $this->session->data['boxnow_name'];
		};
		
		$data['partner_id'] = $this->config->get('shipping_boxnow_partner_id');
		$data['shipping_address'] = isset($this->session->data['shipping_address']) ? $this->session->data['shipping_address'] : null;
		//Boxnow END
        ]]></add>
        </operation>
		<operation>
            <search><![CDATA['error_warning' => sprintf($this->language->get('error_no_shipping'), $this->url->link('information/contact')),]]></search>
            <add position="after"><![CDATA[
			//Boxnow START
			'boxnow_address' => $data['boxnow_address'],
			'boxnow_name' => $data['boxnow_name'],
			'selected_boxnow' => $data['selected_boxnow'],
			'partner_id' => $data['partner_id'],
			'shipping_address' => $data['shipping_address'],
			//Boxnow END
        ]]></add>
        </operation>
		<operation>
            <search><![CDATA[if (!Arr::get($data, 'shipping_code') && $this->cart->hasShipping()) {]]></search>
            <add position="before"><![CDATA[
				//Boxnow START
				$this->load->language('extension/shipping/boxnow');
				if (isset($this->request->post['order_data']['shipping_code']) && $this->request->post['order_data']['shipping_code'] == 'boxnow.boxnow') {
					if (!isset($this->session->data['boxnow_locker_id']) || !$this->session->data['boxnow_locker_id']) {
						$error['shipping_code'] = $this->language->get('error_boxnow');
					}
				} 
				//Boxnow END
        ]]></add>
        </operation>
		<operation>
            <search><![CDATA[private function getCheckoutData($data) {]]></search>
            <add position="after"><![CDATA[
		//Boxnow START
		$this->session->data['payment_methods'] = array_filter($this->session->data['payment_methods'], function($result) use ($data) {
			return (
				!isset($data['shipping_method']) || 
				$data['shipping_code'] != 'boxnow.boxnow' || 
				($this->config->get('shipping_boxnow_payment_modules') && in_array($result['code'], $this->config->get('shipping_boxnow_payment_modules')))
			);
		});
		//Boxnow END
        ]]></add>
        </operation>
    </file>
	
    <file path="catalog/view/theme/*/template/extension/quickcheckout/shipping_method.twig">
        <operation>
			<search regex="true" limit="1"><![CDATA[($)]]></search>
            <add position="after" offset="1"><![CDATA[
{% if shipping %}
	{% for key,shipping_method in shipping_methods %}
		{% if not shipping_method.error %} 
			{% for quote in shipping_method.quote %} 
			
				{% if quote.code == 'boxnow.boxnow' %}
			
					<div class="boxnow-iframe-window" id="boxnow-iframe-window" style="min-height: 600px;display:none;width:100%;margin-top:15px;margin-bottom:15px;">
						<div class="alert alert-info" style="margin-bottom:1rem;margin-top:1rem">
							{{ text_select_lockerid }}
						</div>
						<div id="boxnowmap" style="width:100%; height:600px;"></div>
						<script type="text/javascript">
						var _bn_map_widget_config = {
							partnerId: '{{ partner_id }}',
							zip: '{{ shipping_address.postcode }}',
							autoshow: true,
							parentElement: "#boxnowmap",
							afterSelect: function(selected){
								if (selected.boxnowLockerId !== undefined) {
									$.ajax({
										type: "POST",
										url: "index.php?route=extension/shipping/boxnow/setLockerSession",
										data: {locker_id:selected.boxnowLockerId,locker_address:selected.boxnowLockerAddressLine1,locker_name:selected.boxnowLockerName},
										success: function(data){
											$('#bownow_messages').html('<div class="alert alert-success">{{ selected_boxnow }} '+selected.boxnowLockerAddressLine1+' ['+selected.boxnowLockerName+']</div>');
										},
										error: function(xhr, status, error){
										}
									});
								}
							}
						};
						(function(d){var e = d.createElement("script");e.src = "https://widget-cdn.boxnow.bg/map-widget/client/v4.js";e.async = true;e.defer = true;d.getElementsByTagName("head")[0].appendChild(e);})(document);
						</script>
						<div id="bownow_messages" style="margin-top:1rem;">
							{% if boxnow_address and boxnow_name %}
								<div class="alert alert-success">
									{{ selected_boxnow }} {{ boxnow_address }} [{{ boxnow_name }}]
								</div>
							{% endif %}
						</div>
					</div>
					<input name="boxnow_locker_id" id="boxnow_locker_id" type="hidden" value="">
					<script>
							$(document).ready(function() {
								$("input[type=radio][name=shipping_method]:checked").each(function() {
									if (this.value == "boxnow.boxnow") {
										$("#boxnow-iframe-window").fadeIn("200");
									} else {
										$("#boxnow-iframe-window").fadeOut("200");
									};
								});
							});
							$(document).on("change","input[type=radio][name=shipping_method]",function(e){
								if (this.value == "boxnow.boxnow") {
									$("#boxnow-iframe-window").fadeIn("200");
								} else {
									$("#boxnow-iframe-window").fadeOut("200");
								};
							});
					</script>
				{% endif %}
			{% endfor %}
		{% endif %}
	{% endfor %}
{% endif %}
        ]]></add>
        </operation>
    </file>
    <file path="catalog/view/theme/*/template/checkout/shipping_method.twig">
        <operation>
			<search><![CDATA[text_comments]]></search>
            <add position="before" offset="1"><![CDATA[
{% if shipping_methods %}
	{% for key,shipping_method in shipping_methods %}
		{% if not shipping_method.error %} 
			{% for quote in shipping_method.quote %} 	

				{% if quote.code == 'boxnow.boxnow' %}
			
					<div class="boxnow-iframe-window" id="boxnow-iframe-window" style="min-height: 600px;display:none;width:100%;margin-top:15px;margin-bottom:15px;">
						<div class="alert alert-info" style="margin-bottom:1rem;margin-top:1rem">
							{{ text_select_lockerid }}
						</div>					
						<div id="boxnowmap" style="width:100%; height:600px;"></div>
						<script type="text/javascript">
						var _bn_map_widget_config = {
							partnerId: '{{ partner_id }}',
							zip: '{{ shipping_address.postcode }}',
							autoshow: true,
							parentElement: "#boxnowmap",
							afterSelect: function(selected){
								if (selected.boxnowLockerId !== undefined) {
									$.ajax({
										type: "POST",
										url: "index.php?route=extension/shipping/boxnow/setLockerSession",
										data: {locker_id:selected.boxnowLockerId,locker_address:selected.boxnowLockerAddressLine1,locker_name:selected.boxnowLockerName},
										success: function(data){
											$('#bownow_messages').html('<div class="alert alert-success">{{ selected_boxnow }} '+selected.boxnowLockerAddressLine1+' ['+selected.boxnowLockerName+']</div>');
										},
										error: function(xhr, status, error){
										}
									});
								}
							}
						};
						(function(d){var e = d.createElement("script");e.src = "https://widget-cdn.boxnow.bg/map-widget/client/v4.js";e.async = true;e.defer = true;d.getElementsByTagName("head")[0].appendChild(e);})(document);
						</script>
						<div id="bownow_messages" style="margin-top:1rem;">
							{% if boxnow_address and boxnow_name %}
								<div class="alert alert-success">
									{{ selected_boxnow }} {{ boxnow_address }} [{{ boxnow_name }}]
								</div>
							{% endif %}
						</div>
					</div>
					<input name="boxnow_locker_id" id="boxnow_locker_id" type="hidden" value="">
					<script>
							$(document).ready(function() {
								$("input[type=radio][name=shipping_method]:checked").each(function() {
									if (this.value == "boxnow.boxnow") {
										$("#boxnow-iframe-window").fadeIn("200");
									} else {
										$("#boxnow-iframe-window").fadeOut("200");
									};
								});
							});
							$(document).on("change","input[type=radio][name=shipping_method]",function(e){
								if (this.value == "boxnow.boxnow") {
									$("#boxnow-iframe-window").fadeIn("200");
								} else {
									$("#boxnow-iframe-window").fadeOut("200");
								};
							});
					</script>
				{% endif %}
			{% endfor %}
		{% endif %}
	{% endfor %}
{% endif %}
        ]]></add>
        </operation>
    </file>
	
	<file path="catalog/view/theme/*/template/journal3/checkout/shipping_method.twig">
        <operation>
			<search regex="true" limit="1"><![CDATA[($)]]></search>
            <add position="before" offset="1"><![CDATA[
<template v-if="shipping_methods">
	<template v-for="shipping_method in shipping_methods">
		<template v-if="Object.keys(shipping_method.error).length === 0">
			<template v-for="quote in shipping_method.quote">
				<template v-if="quote.code === 'boxnow.boxnow'">
					<div style="width: 100%;">
						<div class="boxnow-iframe-window" id="boxnow-iframe-window" style="min-height: 600px;display:none;width:100%;margin-top:15px;margin-bottom:15px;">
							<div class="alert alert-info" style="margin-bottom:1rem;margin-top:1rem">{{ text_select_lockerid }}</div>					
							<div id="boxnowmap" style="width:100%; height:600px;"></div>
							<div id="bownow_messages" style="margin-top:1rem;">
								<div v-if="'{{ boxnow_address }}'  && '{{ boxnow_address }}'">
									<div class="alert alert-success">
									{{ selected_boxnow }} {{ boxnow_address }} [{{ boxnow_name }}]
									</div>
								</div>
							</div>
						</div>
						<input name="boxnow_locker_id" id="boxnow_locker_id" type="hidden" value="">
					</div>
				</template>
			</template>
		</template>
	</template>
</template>
        ]]></add>
        </operation>
    </file>
	
	<file path="catalog/view/theme/*/template/journal3/checkout/checkout.twig">
        <operation>
			<search regex="true" limit="1"><![CDATA[($)]]></search>
            <add position="before" offset="1"><![CDATA[
<script>
var _bn_map_widget_config = {
	partnerId: '{{ partner_id }}',
	zip: '{{ shipping_address.postcode }}',
	autoshow: true,
	parentElement: "#boxnowmap",
	afterSelect: function(selected){
		if (selected.boxnowLockerId !== undefined) {
			$.ajax({
				type: "POST",
				url: "index.php?route=extension/shipping/boxnow/setLockerSession",
				data: {locker_id:selected.boxnowLockerId,locker_address:selected.boxnowLockerAddressLine1,locker_name:selected.boxnowLockerName},
				success: function(data){
					$('#bownow_messages').html('<div class="alert alert-success">{{ selected_boxnow }} '+selected.boxnowLockerAddressLine1+' ['+selected.boxnowLockerName+']</div>');
				},
				error: function(xhr, status, error){
				}
			});
		}
	}
};
(function(d){var e = d.createElement("script");e.src = "https://widget-cdn.boxnow.bg/map-widget/client/v4.js";e.async = true;e.defer = true;d.getElementsByTagName("head")[0].appendChild(e);})(document);
$(window).on('load', function() {
	$("input[type=radio][name=shipping_method]:checked").each(function() {
	if ($(this).val() == "boxnow.boxnow") {
			$("#boxnow-iframe-window").fadeIn("200");
		} else {
			$("#boxnow-iframe-window").fadeOut("200");
		};
	});
});
$(document).on("change","input[type=radio][name=shipping_method]",function(e){
	if ($(this).val() == "boxnow.boxnow") {
		$("#boxnow-iframe-window").fadeIn("200");
	} else {
		$("#boxnow-iframe-window").fadeOut("200");
	};
});
</script>
        ]]></add>
        </operation>
    </file>
	
</modification>